{"train/lr":0.0003,"_wandb":{"runtime":865},"_runtime":865.2761772,"epoch":0,"_timestamp":1.7689217741995602e+09,"_step":700,"train/loss_step":0.06685556471347809,"train/acc_step":1}