{"_timestamp":1.7689296730687551e+09,"_wandb":{"runtime":325},"_runtime":325.7162919,"_step":80,"train/loss_step":0.4581899344921112,"train/acc_step":1,"train/lr":0.0003,"epoch":0}